{
    "root_group": {
        "name": "",
        "path": "",
        "id": "d41d8cd98f00b204e9800998ecf8427e",
        "groups": {},
        "checks": {
                "status is 200": {
                    "name": "status is 200",
                    "path": "::status is 200",
                    "id": "6210a8cd14cd70477eba5c5e4cb3fb5f",
                    "passes": 1362,
                    "fails": 380
                }
            }
    },
    "metrics": {
        "iteration_duration": {
            "max": 62143.1393,
            "p(90)": 60992.96963,
            "p(95)": 61033.661120000004,
            "avg": 14647.146059070023,
            "min": 42.908,
            "med": 275.91134999999997
        },
        "http_req_connecting": {
            "med": 0,
            "max": 1047.9747,
            "p(90)": 4.725330000000004,
            "p(95)": 27.21558499999989,
            "avg": 32.28782330654419,
            "min": 0
        },
        "http_req_sending": {
            "med": 0,
            "max": 1031.1531,
            "p(90)": 0.9903,
            "p(95)": 2.77475499999999,
            "avg": 5.758118599311136,
            "min": 0
        },
        "vus": {
            "value": 16,
            "min": 10,
            "max": 334
        },
        "http_req_failed": {
            "passes": 380,
            "fails": 1362,
            "value": 0.21814006888633755
        },
        "iterations": {
            "count": 1742,
            "rate": 5.7656783020223825
        },
        "http_req_waiting": {
            "max": 62096.1465,
            "p(90)": 59997.95654,
            "p(95)": 60019.221345000005,
            "avg": 14506.957791446608,
            "min": 42.3465,
            "med": 274.9198
        },
        "data_sent": {
            "count": 433664,
            "rate": 1435.3427756419255
        },
        "http_req_duration": {
            "max": 62096.7635,
            "p(90)": 59998.8073,
            "p(95)": 60020.049009999995,
            "avg": 14513.358371067718,
            "min": 42.908,
            "med": 275.438
        },
        "http_req_receiving": {
            "min": 0,
            "med": 0,
            "max": 928.559,
            "p(90)": 0.55838,
            "p(95)": 0.5901249999999997,
            "avg": 0.642461021814007
        },
        "data_received": {
            "count": 1248206,
            "rate": 4131.317021041417
        },
        "vus_max": {
            "value": 350,
            "min": 350,
            "max": 350
        },
        "checks": {
            "passes": 1362,
            "fails": 380,
            "value": 0.7818599311136625
        },
        "http_req_duration{expected_response:true}": {
            "p(95)": 1412.1634950000005,
            "avg": 1791.4564386930945,
            "min": 42.908,
            "med": 237.53785,
            "max": 41824.465,
            "p(90)": 399.8756900000002
        },
        "http_req_blocked": {
            "min": 0,
            "med": 0,
            "max": 1091.5911,
            "p(90)": 6.2729000000000035,
            "p(95)": 39.4533,
            "avg": 40.79920763490239
        },
        "http_req_tls_handshaking": {
            "min": 0,
            "med": 0,
            "max": 0,
            "p(90)": 0,
            "p(95)": 0,
            "avg": 0
        },
        "http_reqs": {
            "rate": 5.7656783020223825,
            "count": 1742
        }
    }
}