{
    "metrics": {
        "vus": {
            "max": 250,
            "value": 250,
            "min": 10
        },
        "http_reqs": {
            "count": 5490,
            "rate": 16.986020093034202
        },
        "http_req_sending": {
            "avg": 0.35452375227686667,
            "min": 0,
            "med": 0,
            "max": 52.3206,
            "p(90)": 0.57293,
            "p(95)": 0.8084300000000005
        },
        "http_req_connecting": {
            "max": 60.694,
            "p(90)": 2.349870000000004,
            "p(95)": 5.068110000000004,
            "avg": 1.437666411657559,
            "min": 0,
            "med": 0
        },
        "http_req_receiving": {
            "avg": 0.08380340619307833,
            "min": 0,
            "med": 0,
            "max": 4.1982,
            "p(90)": 0.5529200000000001,
            "p(95)": 0.5876
        },
        "iterations": {
            "rate": 16.986020093034202,
            "count": 5490
        },
        "http_req_failed": {
            "passes": 2303,
            "fails": 3187,
            "value": 0.41948998178506375
        },
        "iteration_duration": {
            "p(95)": 60000.950195000005,
            "avg": 5500.33130985428,
            "min": 4.421,
            "med": 391.62604999999996,
            "max": 60155.8309,
            "p(90)": 8791.72671
        },
        "data_received": {
            "rate": 9106.768478552673,
            "count": 2943371
        },
        "checks": {
            "passes": 3187,
            "fails": 2303,
            "value": 0.5805100182149362
        },
        "http_req_tls_handshaking": {
            "min": 0,
            "med": 0,
            "max": 0,
            "p(90)": 0,
            "p(95)": 0,
            "avg": 0
        },
        "data_sent": {
            "count": 1341164,
            "rate": 4149.551667040823
        },
        "vus_max": {
            "min": 350,
            "max": 350,
            "value": 350
        },
        "http_req_blocked": {
            "med": 0,
            "max": 67.7985,
            "p(90)": 2.6248700000000014,
            "p(95)": 5.561110000000009,
            "avg": 1.58887253187614,
            "min": 0
        },
        "http_req_duration": {
            "avg": 5383.2088223133005,
            "min": 0,
            "med": 139.59495,
            "max": 60103.4521,
            "p(90)": 8769.43007,
            "p(95)": 59998.83346
        },
        "http_req_duration{expected_response:true}": {
            "avg": 1837.6860486978358,
            "min": 5.8052,
            "med": 268.8933,
            "max": 33003.9906,
            "p(90)": 1757.5151,
            "p(95)": 8821.48516
        },
        "http_req_waiting": {
            "max": 60102.9208,
            "p(90)": 8763.98421,
            "p(95)": 59998.69336,
            "avg": 5382.770495154827,
            "min": 0,
            "med": 139.31445000000002
        }
    },
    "root_group": {
        "path": "",
        "id": "d41d8cd98f00b204e9800998ecf8427e",
        "groups": {},
        "checks": {
                "status is 200": {
                    "fails": 2303,
                    "name": "status is 200",
                    "path": "::status is 200",
                    "id": "6210a8cd14cd70477eba5c5e4cb3fb5f",
                    "passes": 3187
                }
            },
        "name": ""
    }
}